Codici statistici e denominazioni delle unità amministrative rispondenti ai nuovi assetti territoriali della Sardegna. In vigore dal 1° gennaio 2026;;;;;;
"Denominazione Provincia/
Città metropolitana";"Codice Provincia/
Città metropolitana";Codice Comune;Denominazione Comune;Codice Comune precedente;"Codice Provincia/
Città metropolitana precedente";"Denominazione Provincia/
Città metropolitana
(ripartizione precedente)"
Città metropolitana di Sassari;312;112001;Alghero;090003;090;Provincia di Sassari
Città metropolitana di Sassari;312;112002;Anela;090004;090;Provincia di Sassari
Città metropolitana di Sassari;312;112003;Ardara;090005;090;Provincia di Sassari
Città metropolitana di Sassari;312;112004;Banari;090007;090;Provincia di Sassari
Città metropolitana di Sassari;312;112005;Benetutti;090008;090;Provincia di Sassari
Città metropolitana di Sassari;312;112006;Bessude;090010;090;Provincia di Sassari
Città metropolitana di Sassari;312;112007;Bonnanaro;090011;090;Provincia di Sassari
Città metropolitana di Sassari;312;112008;Bono;090012;090;Provincia di Sassari
Città metropolitana di Sassari;312;112009;Bonorva;090013;090;Provincia di Sassari
Città metropolitana di Sassari;312;112010;Borutta;090015;090;Provincia di Sassari
Città metropolitana di Sassari;312;112011;Bottidda;090016;090;Provincia di Sassari
Città metropolitana di Sassari;312;112012;Bultei;090018;090;Provincia di Sassari
Città metropolitana di Sassari;312;112013;Bulzi;090019;090;Provincia di Sassari
Città metropolitana di Sassari;312;112014;Burgos;090020;090;Provincia di Sassari
Città metropolitana di Sassari;312;112015;Cargeghe;090022;090;Provincia di Sassari
Città metropolitana di Sassari;312;112016;Castelsardo;090023;090;Provincia di Sassari
Città metropolitana di Sassari;312;112017;Cheremule;090024;090;Provincia di Sassari
Città metropolitana di Sassari;312;112018;Chiaramonti;090025;090;Provincia di Sassari
Città metropolitana di Sassari;312;112019;Codrongianos;090026;090;Provincia di Sassari
Città metropolitana di Sassari;312;112020;Cossoine;090027;090;Provincia di Sassari
Città metropolitana di Sassari;312;112021;Erula;090088;090;Provincia di Sassari
Città metropolitana di Sassari;312;112022;Esporlatu;090028;090;Provincia di Sassari
Città metropolitana di Sassari;312;112023;Florinas;090029;090;Provincia di Sassari
Città metropolitana di Sassari;312;112024;Giave;090030;090;Provincia di Sassari
Città metropolitana di Sassari;312;112025;Illorai;090031;090;Provincia di Sassari
Città metropolitana di Sassari;312;112026;Ittireddu;090032;090;Provincia di Sassari
Città metropolitana di Sassari;312;112027;Ittiri;090033;090;Provincia di Sassari
Città metropolitana di Sassari;312;112028;Laerru;090034;090;Provincia di Sassari
Città metropolitana di Sassari;312;112029;Mara;090038;090;Provincia di Sassari
Città metropolitana di Sassari;312;112030;Martis;090039;090;Provincia di Sassari
Città metropolitana di Sassari;312;112031;Monteleone Rocca Doria;090040;090;Provincia di Sassari
Città metropolitana di Sassari;312;112032;Mores;090042;090;Provincia di Sassari
Città metropolitana di Sassari;312;112033;Muros;090043;090;Provincia di Sassari
Città metropolitana di Sassari;312;112034;Nughedu San Nicolò;090044;090;Provincia di Sassari
Città metropolitana di Sassari;312;112035;Nule;090045;090;Provincia di Sassari
Città metropolitana di Sassari;312;112036;Nulvi;090046;090;Provincia di Sassari
Città metropolitana di Sassari;312;112037;Olmedo;090048;090;Provincia di Sassari
Città metropolitana di Sassari;312;112038;Osilo;090050;090;Provincia di Sassari
Città metropolitana di Sassari;312;112039;Ossi;090051;090;Provincia di Sassari
Città metropolitana di Sassari;312;112040;Ozieri;090052;090;Provincia di Sassari
Città metropolitana di Sassari;312;112041;Padria;090053;090;Provincia di Sassari
Città metropolitana di Sassari;312;112042;Pattada;090055;090;Provincia di Sassari
Città metropolitana di Sassari;312;112043;Perfugas;090056;090;Provincia di Sassari
Città metropolitana di Sassari;312;112044;Ploaghe;090057;090;Provincia di Sassari
Città metropolitana di Sassari;312;112045;Porto Torres;090058;090;Provincia di Sassari
Città metropolitana di Sassari;312;112046;Pozzomaggiore;090059;090;Provincia di Sassari
Città metropolitana di Sassari;312;112047;Putifigari;090060;090;Provincia di Sassari
Città metropolitana di Sassari;312;112048;Romana;090061;090;Provincia di Sassari
Città metropolitana di Sassari;312;112049;Santa Maria Coghinas;090087;090;Provincia di Sassari
Città metropolitana di Sassari;312;112050;Sassari;090064;090;Provincia di Sassari
Città metropolitana di Sassari;312;112051;Sedini;090065;090;Provincia di Sassari
Città metropolitana di Sassari;312;112052;Semestene;090066;090;Provincia di Sassari
Città metropolitana di Sassari;312;112053;Sennori;090067;090;Provincia di Sassari
Città metropolitana di Sassari;312;112054;Siligo;090068;090;Provincia di Sassari
Città metropolitana di Sassari;312;112055;Sorso;090069;090;Provincia di Sassari
Città metropolitana di Sassari;312;112056;Stintino;090089;090;Provincia di Sassari
Città metropolitana di Sassari;312;112057;Tergu;090086;090;Provincia di Sassari
Città metropolitana di Sassari;312;112058;Thiesi;090071;090;Provincia di Sassari
Città metropolitana di Sassari;312;112059;Tissi;090072;090;Provincia di Sassari
Città metropolitana di Sassari;312;112060;Torralba;090073;090;Provincia di Sassari
Città metropolitana di Sassari;312;112061;Tula;090075;090;Provincia di Sassari
Città metropolitana di Sassari;312;112062;Uri;090076;090;Provincia di Sassari
Città metropolitana di Sassari;312;112063;Usini;090077;090;Provincia di Sassari
Città metropolitana di Sassari;312;112064;Valledoria;090079;090;Provincia di Sassari
Città metropolitana di Sassari;312;112065;Viddalba;090082;090;Provincia di Sassari
Città metropolitana di Sassari;312;112066;Villanova Monteleone;090078;090;Provincia di Sassari
Provincia della Gallura Nord-Est Sardegna;113;113001;Aggius;090001;090;Provincia di Sassari
Provincia della Gallura Nord-Est Sardegna;113;113002;Aglientu;090062;090;Provincia di Sassari
Provincia della Gallura Nord-Est Sardegna;113;113003;Alà dei Sardi;090002;090;Provincia di Sassari
Provincia della Gallura Nord-Est Sardegna;113;113004;Arzachena;090006;090;Provincia di Sassari
Provincia della Gallura Nord-Est Sardegna;113;113005;Badesi;090081;090;Provincia di Sassari
Provincia della Gallura Nord-Est Sardegna;113;113006;Berchidda;090009;090;Provincia di Sassari
Provincia della Gallura Nord-Est Sardegna;113;113007;Bortigiadas;090014;090;Provincia di Sassari
Provincia della Gallura Nord-Est Sardegna;113;113008;Buddusò;090017;090;Provincia di Sassari
Provincia della Gallura Nord-Est Sardegna;113;113009;Budoni;090091;090;Provincia di Sassari
Provincia della Gallura Nord-Est Sardegna;113;113010;Calangianus;090021;090;Provincia di Sassari
Provincia della Gallura Nord-Est Sardegna;113;113011;Golfo Aranci;090083;090;Provincia di Sassari
Provincia della Gallura Nord-Est Sardegna;113;113012;La Maddalena;090035;090;Provincia di Sassari
Provincia della Gallura Nord-Est Sardegna;113;113013;Loiri Porto San Paolo;090084;090;Provincia di Sassari
Provincia della Gallura Nord-Est Sardegna;113;113014;Luogosanto;090036;090;Provincia di Sassari
Provincia della Gallura Nord-Est Sardegna;113;113015;Luras;090037;090;Provincia di Sassari
Provincia della Gallura Nord-Est Sardegna;113;113016;Monti;090041;090;Provincia di Sassari
Provincia della Gallura Nord-Est Sardegna;113;113017;Olbia;090047;090;Provincia di Sassari
Provincia della Gallura Nord-Est Sardegna;113;113018;Oschiri;090049;090;Provincia di Sassari
Provincia della Gallura Nord-Est Sardegna;113;113019;Padru;090090;090;Provincia di Sassari
Provincia della Gallura Nord-Est Sardegna;113;113020;Palau;090054;090;Provincia di Sassari
Provincia della Gallura Nord-Est Sardegna;113;113021;San Teodoro;090092;090;Provincia di Sassari
Provincia della Gallura Nord-Est Sardegna;113;113022;Santa Teresa Gallura;090063;090;Provincia di Sassari
Provincia della Gallura Nord-Est Sardegna;113;113023;Sant'Antonio di Gallura;090085;090;Provincia di Sassari
Provincia della Gallura Nord-Est Sardegna;113;113024;Telti;090080;090;Provincia di Sassari
Provincia della Gallura Nord-Est Sardegna;113;113025;Tempio Pausania;090070;090;Provincia di Sassari
Provincia della Gallura Nord-Est Sardegna;113;113026;Trinità d'Agultu e Vignola;090074;090;Provincia di Sassari
Provincia di Nuoro;114;114001;Aritzo;091001;091;Provincia di Nuoro
Provincia di Nuoro;114;114002;Atzara;091003;091;Provincia di Nuoro
Provincia di Nuoro;114;114003;Austis;091004;091;Provincia di Nuoro
Provincia di Nuoro;114;114004;Belvì;091007;091;Provincia di Nuoro
Provincia di Nuoro;114;114005;Birori;091008;091;Provincia di Nuoro
Provincia di Nuoro;114;114006;Bitti;091009;091;Provincia di Nuoro
Provincia di Nuoro;114;114007;Bolotana;091010;091;Provincia di Nuoro
Provincia di Nuoro;114;114008;Borore;091011;091;Provincia di Nuoro
Provincia di Nuoro;114;114009;Bortigali;091012;091;Provincia di Nuoro
Provincia di Nuoro;114;114010;Desulo;091016;091;Provincia di Nuoro
Provincia di Nuoro;114;114011;Dorgali;091017;091;Provincia di Nuoro
Provincia di Nuoro;114;114012;Dualchi;091018;091;Provincia di Nuoro
Provincia di Nuoro;114;114013;Fonni;091024;091;Provincia di Nuoro
Provincia di Nuoro;114;114014;Gadoni;091025;091;Provincia di Nuoro
Provincia di Nuoro;114;114015;Galtellì;091027;091;Provincia di Nuoro
Provincia di Nuoro;114;114016;Gavoi;091028;091;Provincia di Nuoro
Provincia di Nuoro;114;114017;Irgoli;091033;091;Provincia di Nuoro
Provincia di Nuoro;114;114018;Lei;091038;091;Provincia di Nuoro
Provincia di Nuoro;114;114019;Loculi;091040;091;Provincia di Nuoro
Provincia di Nuoro;114;114020;Lodè;091041;091;Provincia di Nuoro
Provincia di Nuoro;114;114021;Lodine;091104;091;Provincia di Nuoro
Provincia di Nuoro;114;114022;Lula;091043;091;Provincia di Nuoro
Provincia di Nuoro;114;114023;Macomer;091044;091;Provincia di Nuoro
Provincia di Nuoro;114;114024;Mamoiada;091046;091;Provincia di Nuoro
Provincia di Nuoro;114;114025;Meana Sardo;091047;091;Provincia di Nuoro
Provincia di Nuoro;114;114026;Noragugume;091050;091;Provincia di Nuoro
Provincia di Nuoro;114;114027;Nuoro;091051;091;Provincia di Nuoro
Provincia di Nuoro;114;114028;Oliena;091055;091;Provincia di Nuoro
Provincia di Nuoro;114;114029;Ollolai;091056;091;Provincia di Nuoro
Provincia di Nuoro;114;114030;Olzai;091057;091;Provincia di Nuoro
Provincia di Nuoro;114;114031;Onanì;091058;091;Provincia di Nuoro
Provincia di Nuoro;114;114032;Onifai;091059;091;Provincia di Nuoro
Provincia di Nuoro;114;114033;Oniferi;091060;091;Provincia di Nuoro
Provincia di Nuoro;114;114034;Orani;091061;091;Provincia di Nuoro
Provincia di Nuoro;114;114035;Orgosolo;091062;091;Provincia di Nuoro
Provincia di Nuoro;114;114036;Orosei;091063;091;Provincia di Nuoro
Provincia di Nuoro;114;114037;Orotelli;091064;091;Provincia di Nuoro
Provincia di Nuoro;114;114038;Ortueri;091066;091;Provincia di Nuoro
Provincia di Nuoro;114;114039;Orune;091067;091;Provincia di Nuoro
Provincia di Nuoro;114;114040;Osidda;091068;091;Provincia di Nuoro
Provincia di Nuoro;114;114041;Ottana;091070;091;Provincia di Nuoro
Provincia di Nuoro;114;114042;Ovodda;091071;091;Provincia di Nuoro
Provincia di Nuoro;114;114043;Posada;091073;091;Provincia di Nuoro
Provincia di Nuoro;114;114044;Sarule;091077;091;Provincia di Nuoro
Provincia di Nuoro;114;114045;Seulo;111082;111;Provincia del Sud Sardegna
Provincia di Nuoro;114;114046;Silanus;091083;091;Provincia di Nuoro
Provincia di Nuoro;114;114047;Sindia;091084;091;Provincia di Nuoro
Provincia di Nuoro;114;114048;Siniscola;091085;091;Provincia di Nuoro
Provincia di Nuoro;114;114049;Sorgono;091086;091;Provincia di Nuoro
Provincia di Nuoro;114;114050;Teti;091090;091;Provincia di Nuoro
Provincia di Nuoro;114;114051;Tiana;091091;091;Provincia di Nuoro
Provincia di Nuoro;114;114052;Tonara;091093;091;Provincia di Nuoro
Provincia di Nuoro;114;114053;Torpè;091094;091;Provincia di Nuoro
Provincia di Oristano;115;115001;Abbasanta;095001;095;Provincia di Oristano
Provincia di Oristano;115;115002;Aidomaggiore;095002;095;Provincia di Oristano
Provincia di Oristano;115;115003;Albagiara;095003;095;Provincia di Oristano
Provincia di Oristano;115;115004;Ales;095004;095;Provincia di Oristano
Provincia di Oristano;115;115005;Allai;095005;095;Provincia di Oristano
Provincia di Oristano;115;115006;Arborea;095006;095;Provincia di Oristano
Provincia di Oristano;115;115007;Ardauli;095007;095;Provincia di Oristano
Provincia di Oristano;115;115008;Assolo;095008;095;Provincia di Oristano
Provincia di Oristano;115;115009;Asuni;095009;095;Provincia di Oristano
Provincia di Oristano;115;115010;Baradili;095010;095;Provincia di Oristano
Provincia di Oristano;115;115011;Baratili San Pietro;095011;095;Provincia di Oristano
Provincia di Oristano;115;115012;Baressa;095012;095;Provincia di Oristano
Provincia di Oristano;115;115013;Bauladu;095013;095;Provincia di Oristano
Provincia di Oristano;115;115014;Bidonì;095014;095;Provincia di Oristano
Provincia di Oristano;115;115015;Bonarcado;095015;095;Provincia di Oristano
Provincia di Oristano;115;115016;Boroneddu;095016;095;Provincia di Oristano
Provincia di Oristano;115;115017;Bosa;095079;095;Provincia di Oristano
Provincia di Oristano;115;115018;Busachi;095017;095;Provincia di Oristano
Provincia di Oristano;115;115019;Cabras;095018;095;Provincia di Oristano
Provincia di Oristano;115;115020;Cuglieri;095019;095;Provincia di Oristano
Provincia di Oristano;115;115021;Curcuris;095077;095;Provincia di Oristano
Provincia di Oristano;115;115022;Flussio;095080;095;Provincia di Oristano
Provincia di Oristano;115;115023;Fordongianus;095020;095;Provincia di Oristano
Provincia di Oristano;115;115024;Ghilarza;095021;095;Provincia di Oristano
Provincia di Oristano;115;115025;Gonnoscodina;095022;095;Provincia di Oristano
Provincia di Oristano;115;115026;Gonnosnò;095023;095;Provincia di Oristano
Provincia di Oristano;115;115027;Gonnostramatza;095024;095;Provincia di Oristano
Provincia di Oristano;115;115028;Laconi;095082;095;Provincia di Oristano
Provincia di Oristano;115;115029;Magomadas;095083;095;Provincia di Oristano
Provincia di Oristano;115;115030;Marrubiu;095025;095;Provincia di Oristano
Provincia di Oristano;115;115031;Masullas;095026;095;Provincia di Oristano
Provincia di Oristano;115;115032;Milis;095027;095;Provincia di Oristano
Provincia di Oristano;115;115033;Modolo;095084;095;Provincia di Oristano
Provincia di Oristano;115;115034;Mogorella;095028;095;Provincia di Oristano
Provincia di Oristano;115;115035;Mogoro;095029;095;Provincia di Oristano
Provincia di Oristano;115;115036;Montresta;095085;095;Provincia di Oristano
Provincia di Oristano;115;115037;Morgongiori;095030;095;Provincia di Oristano
Provincia di Oristano;115;115038;Narbolia;095031;095;Provincia di Oristano
Provincia di Oristano;115;115039;Neoneli;095032;095;Provincia di Oristano
Provincia di Oristano;115;115040;Norbello;095033;095;Provincia di Oristano
Provincia di Oristano;115;115041;Nughedu Santa Vittoria;095034;095;Provincia di Oristano
Provincia di Oristano;115;115042;Nurachi;095035;095;Provincia di Oristano
Provincia di Oristano;115;115043;Nureci;095036;095;Provincia di Oristano
Provincia di Oristano;115;115044;Ollastra;095037;095;Provincia di Oristano
Provincia di Oristano;115;115045;Oristano;095038;095;Provincia di Oristano
Provincia di Oristano;115;115046;Palmas Arborea;095039;095;Provincia di Oristano
Provincia di Oristano;115;115047;Pau;095040;095;Provincia di Oristano
Provincia di Oristano;115;115048;Paulilatino;095041;095;Provincia di Oristano
Provincia di Oristano;115;115049;Pompu;095042;095;Provincia di Oristano
Provincia di Oristano;115;115050;Riola Sardo;095043;095;Provincia di Oristano
Provincia di Oristano;115;115051;Ruinas;095044;095;Provincia di Oristano
Provincia di Oristano;115;115052;Sagama;095086;095;Provincia di Oristano
Provincia di Oristano;115;115053;Samugheo;095045;095;Provincia di Oristano
Provincia di Oristano;115;115054;San Nicolò d'Arcidano;095046;095;Provincia di Oristano
Provincia di Oristano;115;115055;San Vero Milis;095050;095;Provincia di Oristano
Provincia di Oristano;115;115056;Santa Giusta;095047;095;Provincia di Oristano
Provincia di Oristano;115;115057;Santu Lussurgiu;095049;095;Provincia di Oristano
Provincia di Oristano;115;115058;Scano di Montiferro;095051;095;Provincia di Oristano
Provincia di Oristano;115;115059;Sedilo;095052;095;Provincia di Oristano
Provincia di Oristano;115;115060;Seneghe;095053;095;Provincia di Oristano
Provincia di Oristano;115;115061;Senis;095054;095;Provincia di Oristano
Provincia di Oristano;115;115062;Sennariolo;095055;095;Provincia di Oristano
Provincia di Oristano;115;115063;Siamaggiore;095056;095;Provincia di Oristano
Provincia di Oristano;115;115064;Siamanna;095057;095;Provincia di Oristano
Provincia di Oristano;115;115065;Siapiccia;095076;095;Provincia di Oristano
Provincia di Oristano;115;115066;Simala;095058;095;Provincia di Oristano
Provincia di Oristano;115;115067;Simaxis;095059;095;Provincia di Oristano
Provincia di Oristano;115;115068;Sini;095060;095;Provincia di Oristano
Provincia di Oristano;115;115069;Siris;095061;095;Provincia di Oristano
Provincia di Oristano;115;115070;Soddì;095078;095;Provincia di Oristano
Provincia di Oristano;115;115071;Solarussa;095062;095;Provincia di Oristano
Provincia di Oristano;115;115072;Sorradile;095063;095;Provincia di Oristano
Provincia di Oristano;115;115073;Suni;095087;095;Provincia di Oristano
Provincia di Oristano;115;115074;Tadasuni;095064;095;Provincia di Oristano
Provincia di Oristano;115;115075;Terralba;095065;095;Provincia di Oristano
Provincia di Oristano;115;115076;Tinnura;095088;095;Provincia di Oristano
Provincia di Oristano;115;115077;Tramatza;095066;095;Provincia di Oristano
Provincia di Oristano;115;115078;Tresnuraghes;095067;095;Provincia di Oristano
Provincia di Oristano;115;115079;Ulà Tirso;095068;095;Provincia di Oristano
Provincia di Oristano;115;115080;Uras;095069;095;Provincia di Oristano
Provincia di Oristano;115;115081;Usellus;095070;095;Provincia di Oristano
Provincia di Oristano;115;115082;Villa Sant'Antonio;095048;095;Provincia di Oristano
Provincia di Oristano;115;115083;Villa Verde;095073;095;Provincia di Oristano
Provincia di Oristano;115;115084;Villanova Truschedu;095071;095;Provincia di Oristano
Provincia di Oristano;115;115085;Villaurbana;095072;095;Provincia di Oristano
Provincia di Oristano;115;115086;Zeddiani;095074;095;Provincia di Oristano
Provincia di Oristano;115;115087;Zerfaliu;095075;095;Provincia di Oristano
Provincia dell'Ogliastra;116;116001;Arzana;091002;091;Provincia di Nuoro
Provincia dell'Ogliastra;116;116002;Bari Sardo;091005;091;Provincia di Nuoro
Provincia dell'Ogliastra;116;116003;Baunei;091006;091;Provincia di Nuoro
Provincia dell'Ogliastra;116;116004;Cardedu;091103;091;Provincia di Nuoro
Provincia dell'Ogliastra;116;116005;Elini;091019;091;Provincia di Nuoro
Provincia dell'Ogliastra;116;116006;Gairo;091026;091;Provincia di Nuoro
Provincia dell'Ogliastra;116;116007;Girasole;091031;091;Provincia di Nuoro
Provincia dell'Ogliastra;116;116008;Ilbono;091032;091;Provincia di Nuoro
Provincia dell'Ogliastra;116;116009;Jerzu;091035;091;Provincia di Nuoro
Provincia dell'Ogliastra;116;116010;Lanusei;091037;091;Provincia di Nuoro
Provincia dell'Ogliastra;116;116011;Loceri;091039;091;Provincia di Nuoro
Provincia dell'Ogliastra;116;116012;Lotzorai;091042;091;Provincia di Nuoro
Provincia dell'Ogliastra;116;116013;Osini;091069;091;Provincia di Nuoro
Provincia dell'Ogliastra;116;116014;Perdasdefogu;091072;091;Provincia di Nuoro
Provincia dell'Ogliastra;116;116015;Talana;091088;091;Provincia di Nuoro
Provincia dell'Ogliastra;116;116016;Tertenia;091089;091;Provincia di Nuoro
Provincia dell'Ogliastra;116;116017;Tortolì;091095;091;Provincia di Nuoro
Provincia dell'Ogliastra;116;116018;Triei;091097;091;Provincia di Nuoro
Provincia dell'Ogliastra;116;116019;Ulassai;091098;091;Provincia di Nuoro
Provincia dell'Ogliastra;116;116020;Urzulei;091099;091;Provincia di Nuoro
Provincia dell'Ogliastra;116;116021;Ussassai;091100;091;Provincia di Nuoro
Provincia dell'Ogliastra;116;116022;Villagrande Strisaili;091101;091;Provincia di Nuoro
Provincia dell'Ogliastra;116;116023;Seui;111081;111;Provincia del Sud Sardegna
Provincia del Medio Campidano;117;117001;Arbus;111001;111;Provincia del Sud Sardegna
Provincia del Medio Campidano;117;117002;Barumini;111005;111;Provincia del Sud Sardegna
Provincia del Medio Campidano;117;117003;Collinas;111012;111;Provincia del Sud Sardegna
Provincia del Medio Campidano;117;117004;Furtei;111022;111;Provincia del Sud Sardegna
Provincia del Medio Campidano;117;117005;Genuri;111024;111;Provincia del Sud Sardegna
Provincia del Medio Campidano;117;117006;Gesturi;111027;111;Provincia del Sud Sardegna
Provincia del Medio Campidano;117;117007;Gonnosfanadiga;111031;111;Provincia del Sud Sardegna
Provincia del Medio Campidano;117;117008;Guspini;111034;111;Provincia del Sud Sardegna
Provincia del Medio Campidano;117;117009;Las Plassas;111037;111;Provincia del Sud Sardegna
Provincia del Medio Campidano;117;117010;Lunamatrona;111038;111;Provincia del Sud Sardegna
Provincia del Medio Campidano;117;117011;Pabillonis;111052;111;Provincia del Sud Sardegna
Provincia del Medio Campidano;117;117012;Pauli Arbarei;111053;111;Provincia del Sud Sardegna
Provincia del Medio Campidano;117;117013;Samassi;111059;111;Provincia del Sud Sardegna
Provincia del Medio Campidano;117;117014;San Gavino Monreale;111062;111;Provincia del Sud Sardegna
Provincia del Medio Campidano;117;117015;Sanluri;111067;111;Provincia del Sud Sardegna
Provincia del Medio Campidano;117;117016;Sardara;111072;111;Provincia del Sud Sardegna
Provincia del Medio Campidano;117;117017;Segariu;111073;111;Provincia del Sud Sardegna
Provincia del Medio Campidano;117;117018;Serramanna;111077;111;Provincia del Sud Sardegna
Provincia del Medio Campidano;117;117019;Serrenti;111078;111;Provincia del Sud Sardegna
Provincia del Medio Campidano;117;117020;Setzu;111080;111;Provincia del Sud Sardegna
Provincia del Medio Campidano;117;117021;Siddi;111083;111;Provincia del Sud Sardegna
Provincia del Medio Campidano;117;117022;Tuili;111091;111;Provincia del Sud Sardegna
Provincia del Medio Campidano;117;117023;Turri;111092;111;Provincia del Sud Sardegna
Provincia del Medio Campidano;117;117024;Ussaramanna;111094;111;Provincia del Sud Sardegna
Provincia del Medio Campidano;117;117025;Villacidro;111096;111;Provincia del Sud Sardegna
Provincia del Medio Campidano;117;117026;Villamar;111097;111;Provincia del Sud Sardegna
Provincia del Medio Campidano;117;117027;Villanovaforru;111100;111;Provincia del Sud Sardegna
Provincia del Medio Campidano;117;117028;Villanovafranca;111101;111;Provincia del Sud Sardegna
Città metropolitana di Cagliari;318;118001;Armungia;111002;111;Provincia del Sud Sardegna
Città metropolitana di Cagliari;318;118002;Assemini;092003;292;Città metropolitana di Cagliari
Città metropolitana di Cagliari;318;118003;Ballao;111003;111;Provincia del Sud Sardegna
Città metropolitana di Cagliari;318;118004;Barrali;111004;111;Provincia del Sud Sardegna
Città metropolitana di Cagliari;318;118005;Burcei;111007;111;Provincia del Sud Sardegna
Città metropolitana di Cagliari;318;118006;Cagliari;092009;292;Città metropolitana di Cagliari
Città metropolitana di Cagliari;318;118007;Capoterra;092011;292;Città metropolitana di Cagliari
Città metropolitana di Cagliari;318;118008;Castiadas;111011;111;Provincia del Sud Sardegna
Città metropolitana di Cagliari;318;118009;Decimomannu;092015;292;Città metropolitana di Cagliari
Città metropolitana di Cagliari;318;118010;Decimoputzu;111013;111;Provincia del Sud Sardegna
Città metropolitana di Cagliari;318;118011;Dolianova;111014;111;Provincia del Sud Sardegna
Città metropolitana di Cagliari;318;118012;Domus de Maria;111015;111;Provincia del Sud Sardegna
Città metropolitana di Cagliari;318;118013;Donori;111017;111;Provincia del Sud Sardegna
Città metropolitana di Cagliari;318;118014;Elmas;092108;292;Città metropolitana di Cagliari
Città metropolitana di Cagliari;318;118015;Escalaplano;111018;111;Provincia del Sud Sardegna
Città metropolitana di Cagliari;318;118016;Escolca;111019;111;Provincia del Sud Sardegna
Città metropolitana di Cagliari;318;118017;Esterzili;111020;111;Provincia del Sud Sardegna
Città metropolitana di Cagliari;318;118018;Genoni;111023;111;Provincia del Sud Sardegna
Città metropolitana di Cagliari;318;118019;Gergei;111025;111;Provincia del Sud Sardegna
Città metropolitana di Cagliari;318;118020;Gesico;111026;111;Provincia del Sud Sardegna
Città metropolitana di Cagliari;318;118021;Goni;111029;111;Provincia del Sud Sardegna
Città metropolitana di Cagliari;318;118022;Guamaggiore;111032;111;Provincia del Sud Sardegna
Città metropolitana di Cagliari;318;118023;Guasila;111033;111;Provincia del Sud Sardegna
Città metropolitana di Cagliari;318;118024;Isili;111036;111;Provincia del Sud Sardegna
Città metropolitana di Cagliari;318;118025;Mandas;111039;111;Provincia del Sud Sardegna
Città metropolitana di Cagliari;318;118026;Maracalagonis;092037;292;Città metropolitana di Cagliari
Città metropolitana di Cagliari;318;118027;Monastir;111041;111;Provincia del Sud Sardegna
Città metropolitana di Cagliari;318;118028;Monserrato;092109;292;Città metropolitana di Cagliari
Città metropolitana di Cagliari;318;118029;Muravera;111042;111;Provincia del Sud Sardegna
Città metropolitana di Cagliari;318;118030;Nuragus;111045;111;Provincia del Sud Sardegna
Città metropolitana di Cagliari;318;118031;Nurallao;111046;111;Provincia del Sud Sardegna
Città metropolitana di Cagliari;318;118032;Nuraminis;111047;111;Provincia del Sud Sardegna
Città metropolitana di Cagliari;318;118033;Nurri;111048;111;Provincia del Sud Sardegna
Città metropolitana di Cagliari;318;118034;Orroli;111050;111;Provincia del Sud Sardegna
Città metropolitana di Cagliari;318;118035;Ortacesus;111051;111;Provincia del Sud Sardegna
Città metropolitana di Cagliari;318;118036;Pimentel;111055;111;Provincia del Sud Sardegna
Città metropolitana di Cagliari;318;118037;Pula;092050;292;Città metropolitana di Cagliari
Città metropolitana di Cagliari;318;118038;Quartu Sant'Elena;092051;292;Città metropolitana di Cagliari
Città metropolitana di Cagliari;318;118039;Quartucciu;092105;292;Città metropolitana di Cagliari
Città metropolitana di Cagliari;318;118040;Sadali;111058;111;Provincia del Sud Sardegna
Città metropolitana di Cagliari;318;118041;Samatzai;111060;111;Provincia del Sud Sardegna
Città metropolitana di Cagliari;318;118042;San Basilio;111061;111;Provincia del Sud Sardegna
Città metropolitana di Cagliari;318;118043;San Nicolò Gerrei;111064;111;Provincia del Sud Sardegna
Città metropolitana di Cagliari;318;118044;San Sperate;111065;111;Provincia del Sud Sardegna
Città metropolitana di Cagliari;318;118045;San Vito;111066;111;Provincia del Sud Sardegna
Città metropolitana di Cagliari;318;118046;Sant'Andrea Frius;111069;111;Provincia del Sud Sardegna
Città metropolitana di Cagliari;318;118047;Sarroch;092066;292;Città metropolitana di Cagliari
Città metropolitana di Cagliari;318;118048;Selargius;092068;292;Città metropolitana di Cagliari
Città metropolitana di Cagliari;318;118049;Selegas;111074;111;Provincia del Sud Sardegna
Città metropolitana di Cagliari;318;118050;Senorbì;111075;111;Provincia del Sud Sardegna
Città metropolitana di Cagliari;318;118051;Serdiana;111076;111;Provincia del Sud Sardegna
Città metropolitana di Cagliari;318;118052;Serri;111079;111;Provincia del Sud Sardegna
Città metropolitana di Cagliari;318;118053;Sestu;092074;292;Città metropolitana di Cagliari
Città metropolitana di Cagliari;318;118054;Settimo San Pietro;092075;292;Città metropolitana di Cagliari
Città metropolitana di Cagliari;318;118056;Siliqua;111084;111;Provincia del Sud Sardegna
Città metropolitana di Cagliari;318;118057;Silius;111085;111;Provincia del Sud Sardegna
Città metropolitana di Cagliari;318;118058;Sinnai;092080;292;Città metropolitana di Cagliari
Città metropolitana di Cagliari;318;118059;Siurgus Donigala;111086;111;Provincia del Sud Sardegna
Città metropolitana di Cagliari;318;118060;Soleminis;111087;111;Provincia del Sud Sardegna
Città metropolitana di Cagliari;318;118061;Suelli;111088;111;Provincia del Sud Sardegna
Città metropolitana di Cagliari;318;118063;Ussana;111093;111;Provincia del Sud Sardegna
Città metropolitana di Cagliari;318;118064;Uta;092090;292;Città metropolitana di Cagliari
Città metropolitana di Cagliari;318;118065;Vallermosa;111095;111;Provincia del Sud Sardegna
Città metropolitana di Cagliari;318;118066;Villa San Pietro;092099;292;Città metropolitana di Cagliari
Città metropolitana di Cagliari;318;118067;Villanova Tulo;111099;111;Provincia del Sud Sardegna
Città metropolitana di Cagliari;318;118068;Villaputzu;111103;111;Provincia del Sud Sardegna
Città metropolitana di Cagliari;318;118069;Villasalto;111104;111;Provincia del Sud Sardegna
Città metropolitana di Cagliari;318;118070;Villasimius;111105;111;Provincia del Sud Sardegna
Città metropolitana di Cagliari;318;118071;Villasor;111106;111;Provincia del Sud Sardegna
Città metropolitana di Cagliari;318;118072;Villaspeciosa;111107;111;Provincia del Sud Sardegna
Provincia del Sulcis Iglesiente;119;119001;Buggerru;111006;111;Provincia del Sud Sardegna
Provincia del Sulcis Iglesiente;119;119002;Calasetta;111008;111;Provincia del Sud Sardegna
Provincia del Sulcis Iglesiente;119;119003;Carbonia;111009;111;Provincia del Sud Sardegna
Provincia del Sulcis Iglesiente;119;119004;Carloforte;111010;111;Provincia del Sud Sardegna
Provincia del Sulcis Iglesiente;119;119005;Domusnovas;111016;111;Provincia del Sud Sardegna
Provincia del Sulcis Iglesiente;119;119006;Fluminimaggiore;111021;111;Provincia del Sud Sardegna
Provincia del Sulcis Iglesiente;119;119007;Giba;111028;111;Provincia del Sud Sardegna
Provincia del Sulcis Iglesiente;119;119008;Gonnesa;111030;111;Provincia del Sud Sardegna
Provincia del Sulcis Iglesiente;119;119009;Iglesias;111035;111;Provincia del Sud Sardegna
Provincia del Sulcis Iglesiente;119;119010;Masainas;111040;111;Provincia del Sud Sardegna
Provincia del Sulcis Iglesiente;119;119011;Musei;111043;111;Provincia del Sud Sardegna
Provincia del Sulcis Iglesiente;119;119012;Narcao;111044;111;Provincia del Sud Sardegna
Provincia del Sulcis Iglesiente;119;119013;Nuxis;111049;111;Provincia del Sud Sardegna
Provincia del Sulcis Iglesiente;119;119014;Perdaxius;111054;111;Provincia del Sud Sardegna
Provincia del Sulcis Iglesiente;119;119015;Piscinas;111056;111;Provincia del Sud Sardegna
Provincia del Sulcis Iglesiente;119;119016;Portoscuso;111057;111;Provincia del Sud Sardegna
Provincia del Sulcis Iglesiente;119;119017;San Giovanni Suergiu;111063;111;Provincia del Sud Sardegna
Provincia del Sulcis Iglesiente;119;119018;Santadi;111068;111;Provincia del Sud Sardegna
Provincia del Sulcis Iglesiente;119;119019;Sant'Anna Arresi;111070;111;Provincia del Sud Sardegna
Provincia del Sulcis Iglesiente;119;119020;Sant'Antioco;111071;111;Provincia del Sud Sardegna
Provincia del Sulcis Iglesiente;119;119021;Tratalias;111090;111;Provincia del Sud Sardegna
Provincia del Sulcis Iglesiente;119;119022;Villamassargia;111098;111;Provincia del Sud Sardegna
Provincia del Sulcis Iglesiente;119;119023;Villaperuccio;111102;111;Provincia del Sud Sardegna
Provincia del Sulcis Iglesiente;119;119024;Teulada;111089;111;Provincia del Sud Sardegna
